"","list_null","list_sky","list_indoor","list_roof"
"1","999000473671681.jpg","999000456128931.jpg","999000455530131.jpg","999000478762331.jpg"
"2","999000473671682.jpg","999000456128932.jpg","999000455530132.jpg","999000478762332.jpg"
"3","999000473671683.jpg","999000456128933.jpg","999000455530133.jpg","999000478762333.jpg"
"4","999000473671684.jpg","999000456128934.jpg","999000455530134.jpg","999000478762334.jpg"
"5","999000502398441.jpg","999000465308961.jpg","999000464063641.jpg","999000596776551.jpg"
"6","999000502398442.jpg","999000465308962.jpg","999000464063642.jpg","999000596776552.jpg"
"7","999000502398443.jpg","999000465308963.jpg","999000464063643.jpg","999000596776553.jpg"
"8","999000502398444.jpg","999000465308964.jpg","999000464063644.jpg","999000596776554.jpg"
"9","999000564194221.jpg","999000500828321.jpg","999000483256401.jpg",NA
"10","999000564194222.jpg","999000500828322.jpg","999000483256402.jpg",NA
"11","999000564194223.jpg","999000500828323.jpg","999000483256403.jpg",NA
"12","999000564194224.jpg","999000500828324.jpg","999000483256404.jpg",NA
"13","999000565652541.jpg","999000510941341.jpg","999000485607761.jpg",NA
"14","999000565652542.jpg","999000510941342.jpg","999000485607762.jpg",NA
"15","999000565652543.jpg","999000510941343.jpg","999000485607763.jpg",NA
"16","999000565652544.jpg","999000510941344.jpg","999000485607764.jpg",NA
"17","999000574191111.jpg","999000529689191.jpg","999000486107591.jpg",NA
"18","999000574191112.jpg","999000529689192.jpg","999000486107592.jpg",NA
"19","999000574191113.jpg","999000529689193.jpg","999000486107593.jpg",NA
"20","999000574191114.jpg","999000529689194.jpg","999000486107594.jpg",NA
"21","999000607343301.jpg","999000534375731.jpg","999000487820321.jpg",NA
"22","999000607343302.jpg","999000534375732.jpg","999000487820322.jpg",NA
"23","999000607343303.jpg","999000534375733.jpg","999000487820323.jpg",NA
"24","999000607343304.jpg","999000534375734.jpg","999000487820324.jpg",NA
"25","999000611076401.jpg","999000541361281.jpg","999000491286121.jpg",NA
"26","999000611076402.jpg","999000541361282.jpg","999000491286122.jpg",NA
"27","999000611076403.jpg","999000541361283.jpg","999000491286123.jpg",NA
"28","999000611076404.jpg","999000541361284.jpg","999000491286124.jpg",NA
"29","999000619610661.jpg","999000549509681.jpg","999000494376181.jpg",NA
"30","999000619610662.jpg","999000549509682.jpg","999000494376182.jpg",NA
"31","999000619610663.jpg","999000549509683.jpg","999000494376183.jpg",NA
"32","999000619610664.jpg","999000549509684.jpg","999000494376184.jpg",NA
"33","999000622572101.jpg","999000552884761.jpg","999000514595641.jpg",NA
"34","999000622572102.jpg","999000552884762.jpg","999000514595642.jpg",NA
"35","999000622572103.jpg","999000552884763.jpg","999000514595643.jpg",NA
"36","999000622572104.jpg","999000552884764.jpg","999000514595644.jpg",NA
"37","999000626370411.jpg","999000559617011.jpg","999000515165201.jpg",NA
"38","999000626370412.jpg","999000559617012.jpg","999000515165202.jpg",NA
"39","999000626370413.jpg","999000559617013.jpg","999000515165203.jpg",NA
"40","999000626370414.jpg","999000559617014.jpg","999000515165204.jpg",NA
"41",NA,"999000565713031.jpg","999000517111501.jpg",NA
"42",NA,"999000565713032.jpg","999000517111502.jpg",NA
"43",NA,"999000565713033.jpg","999000517111503.jpg",NA
"44",NA,"999000565713034.jpg","999000517111504.jpg",NA
"45",NA,"999000567246971.jpg","999000526819771.jpg",NA
"46",NA,"999000567246972.jpg","999000526819772.jpg",NA
"47",NA,"999000567246973.jpg","999000526819773.jpg",NA
"48",NA,"999000567246974.jpg","999000526819774.jpg",NA
"49",NA,"999000573858941.jpg","999000540838401.jpg",NA
"50",NA,"999000573858942.jpg","999000540838402.jpg",NA
"51",NA,"999000573858943.jpg","999000540838403.jpg",NA
"52",NA,"999000573858944.jpg","999000540838404.jpg",NA
"53",NA,"999000576105781.jpg","999000547005931.jpg",NA
"54",NA,"999000576105782.jpg","999000547005932.jpg",NA
"55",NA,"999000576105783.jpg","999000547005933.jpg",NA
"56",NA,"999000576105784.jpg","999000547005934.jpg",NA
"57",NA,"999000583581591.jpg","999000563620391.jpg",NA
"58",NA,"999000583581592.jpg","999000563620392.jpg",NA
"59",NA,"999000583581593.jpg","999000563620393.jpg",NA
"60",NA,"999000583581594.jpg","999000563620394.jpg",NA
"61",NA,"999000587391981.jpg","999000567565601.jpg",NA
"62",NA,"999000587391982.jpg","999000567565602.jpg",NA
"63",NA,"999000587391983.jpg","999000567565603.jpg",NA
"64",NA,"999000587391984.jpg","999000567565604.jpg",NA
"65",NA,"999000600153071.jpg","999000578959391.jpg",NA
"66",NA,"999000600153072.jpg","999000578959392.jpg",NA
"67",NA,"999000600153073.jpg","999000578959393.jpg",NA
"68",NA,"999000600153074.jpg","999000578959394.jpg",NA
"69",NA,"999000611800051.jpg","999000585547261.jpg",NA
"70",NA,"999000611800052.jpg","999000585547262.jpg",NA
"71",NA,"999000611800053.jpg","999000585547263.jpg",NA
"72",NA,"999000611800054.jpg","999000585547264.jpg",NA
"73",NA,"999000625760161.jpg","999000602648591.jpg",NA
"74",NA,"999000625760162.jpg","999000602648592.jpg",NA
"75",NA,"999000625760163.jpg","999000602648593.jpg",NA
"76",NA,"999000625760164.jpg","999000602648594.jpg",NA
"77",NA,"999000634809881.jpg","999000608994921.jpg",NA
"78",NA,"999000634809882.jpg","999000608994922.jpg",NA
"79",NA,"999000634809883.jpg","999000608994923.jpg",NA
"80",NA,"999000634809884.jpg","999000608994924.jpg",NA
"81",NA,"999000635384541.jpg","999000624944551.jpg",NA
"82",NA,"999000635384542.jpg","999000624944552.jpg",NA
"83",NA,"999000635384543.jpg","999000624944553.jpg",NA
"84",NA,"999000635384544.jpg","999000624944554.jpg",NA
"85",NA,NA,"999000632639671.jpg",NA
"86",NA,NA,"999000632639672.jpg",NA
"87",NA,NA,"999000632639673.jpg",NA
"88",NA,NA,"999000632639674.jpg",NA
